{
    "test": [
        1.0, 
        0.8025737178611245, 
        0.33470359777944386, 
        0.30385173322595416, 
        0.2275795919621752, 
        0.20190287421905814, 
        0.1761747298518908, 
        0.15700126749658871, 
        0.14795077411965463, 
        0.13425258459053738, 
        0.13553455660692534, 
        0.13048108854639948, 
        0.13582310636023207, 
        0.12145190280025216, 
        0.11434788459150182, 
        0.11460407245993817, 
        0.11978255199938354, 
        0.11161856920723363, 
        0.11443946980585758, 
        0.09842642140043781, 
        0.11421417448698899, 
        0.10531531761903104, 
        0.0995163730245495, 
        0.0978318017426219, 
        0.1040947409067331, 
        0.0937887380195444, 
        0.10061461834944012, 
        0.09857056913330418, 
        0.09131958273520678, 
        0.09357061991667229, 
        0.0936941969482211, 
        0.10247446385748653, 
        0.09788019474841542, 
        0.08853311179080631, 
        0.0970273362774293, 
        0.10125131665221256, 
        0.10245404161916832, 
        0.09094945760528539, 
        0.09586986841046437, 
        0.09950330572364402, 
        0.09607263305293963, 
        0.1031281771647897, 
        0.08922009555013907, 
        0.08875201652253943, 
        0.08412741407512557, 
        0.09901458406742013, 
        0.09512645281921386, 
        0.08446412359097726, 
        0.0954671169501855, 
        0.08616253047645236, 
        0.08833433125340334, 
        0.09429050353948908, 
        0.08860898886032532, 
        0.10150829103797715, 
        0.08640222204664115, 
        0.08764118219135597, 
        0.08800807179069214, 
        0.09142093158597013, 
        0.10096827725633735, 
        0.08929299289573517, 
        0.08774578487587069
    ], 
    "train": [
        1.0065637565568868, 
        0.9726202883319911, 
        0.4418786774438811, 
        0.22124702776514318, 
        0.16620651451272328, 
        0.13728214215987194, 
        0.11729552176403925, 
        0.10279177303806468, 
        0.09125946451164911, 
        0.08194319661937108, 
        0.07464040117960716, 
        0.06778258250490403, 
        0.06213694359225282, 
        0.05634340223849224, 
        0.05238336602688528, 
        0.047989900292839685, 
        0.044336550901410664, 
        0.04107797197754611, 
        0.03855821440087492, 
        0.035656637128846244, 
        0.03404004433795561, 
        0.03167820035973844, 
        0.029552003957585258, 
        0.02786210485739508, 
        0.026213010726002597, 
        0.024127780669735907, 
        0.02352624693530466, 
        0.02192351421916605, 
        0.021074675185202164, 
        0.020040900083863333, 
        0.01952915951092549, 
        0.018176530267831597, 
        0.01660611440801193, 
        0.016395266895950607, 
        0.016389536676823913, 
        0.014540527589868787, 
        0.01470605429675643, 
        0.014571401311825242, 
        0.01354797508338247, 
        0.012951673255998015, 
        0.01218899406886168, 
        0.01265146970824428, 
        0.012228128863739585, 
        0.011467828378613756, 
        0.01076091753569364, 
        0.010158830158815316, 
        0.010089766515444399, 
        0.009993165723517482, 
        0.009381932877942818, 
        0.009743387769904965, 
        0.009474792037338396, 
        0.009294576881379102, 
        0.008225991085252543, 
        0.008735501696642254, 
        0.008748680008576348, 
        0.008345178858092477, 
        0.008142618870822632, 
        0.007473880438873406, 
        0.007027448111273857, 
        0.0076782791505546075, 
        0.007409004674558353
    ]
}