{
    "test": [
        0.004692532467532468
    ], 
    "train": [
        0.3703093962701285
    ]
}