{
    "test": [
        1.0, 
        0.870347824775722, 
        0.40590389085708545, 
        0.2720208303382614, 
        0.241398992986246, 
        0.19672036364834658, 
        0.19236753946299007, 
        0.1758998852687076, 
        0.1764112807376563, 
        0.16423797102008553, 
        0.15701384995080014, 
        0.15590894094809932, 
        0.15345444235322786, 
        0.15687816024268814, 
        0.15455540526359632, 
        0.1459133490799296, 
        0.1311800674898113, 
        0.13428390729991002, 
        0.1181508922351792, 
        0.13473812133025195, 
        0.1232273964745455, 
        0.12308910698138634, 
        0.12508748852849982, 
        0.12169092855768392, 
        0.1186720645929477, 
        0.12011453200164131, 
        0.1282265065474419, 
        0.11998882261358278, 
        0.1227644450418584, 
        0.1171169424738607, 
        0.12229538747539032, 
        0.12106974933787695, 
        0.11780865444607962, 
        0.11763296788079494, 
        0.1193188693720981, 
        0.1271001505266469, 
        0.11649483061799412, 
        0.11632622835575149, 
        0.11734352470194732, 
        0.11679737114739763, 
        0.11292070180665555, 
        0.11495040771233736, 
        0.11319704652034368, 
        0.11246014016234547, 
        0.11093929380632306, 
        0.11131878960894415, 
        0.10862703800323549, 
        0.11469415011557424, 
        0.111392802880878, 
        0.11657644783151613, 
        0.1148169841512795, 
        0.11048868832430547, 
        0.1404768430298655, 
        0.11493014476836198, 
        0.10512644583493712, 
        0.11359639821154584, 
        0.1055152706153818, 
        0.10426653724110481, 
        0.11020269522421967, 
        0.10868290790709578, 
        0.1120921717484433, 
        0.10907433882499162
    ], 
    "train": [
        1.0066602381727001, 
        0.9689190824513275, 
        0.41248703383026786, 
        0.1866319565233186, 
        0.12954407313922509, 
        0.09720958234106372, 
        0.07458560984549588, 
        0.05740054515996062, 
        0.04532855548604629, 
        0.03642492119611922, 
        0.029527752592488014, 
        0.025941395002838624, 
        0.021918370634940083, 
        0.017803969723454615, 
        0.015380615354550684, 
        0.013312222757578167, 
        0.011881581310571853, 
        0.010609077934854392, 
        0.009866228602490507, 
        0.008775885716699006, 
        0.008642328322858652, 
        0.007933468336735916, 
        0.006880740693043395, 
        0.010370897621746417, 
        0.006019417196735352, 
        0.004682523157129348, 
        0.005545785763396544, 
        0.0062087866758956, 
        0.00516882477248459, 
        0.004082411820396756, 
        0.004499794150929622, 
        0.005096952223238797, 
        0.003991793171691059, 
        0.0038695440320144913, 
        0.0036039050115392324, 
        0.004219280616052484, 
        0.003858599079711949, 
        0.0036510630184547767, 
        0.003296052428044214, 
        0.0027318511641087123, 
        0.002838125039505645, 
        0.003140747703442153, 
        0.004803769595910469, 
        0.0020569753117253794, 
        0.0026731794002629213, 
        0.003200089800547962, 
        0.0024089429459308166, 
        0.002851852547679673, 
        0.0027715494278142882, 
        0.0022159933190591175, 
        0.002399641951893169, 
        0.002128353941972878, 
        0.0021477798180310065, 
        0.0027500405131423203, 
        0.002141261758729926, 
        0.002004105081917619, 
        0.002190746805291262, 
        0.0015646373641381708, 
        0.0021063650394682453, 
        0.001665847959368719, 
        0.0023434229631054287, 
        0.002107420686891148
    ]
}