{
    "train": [
        1.0052046338013951,
        0.8019653164455537,
        0.4759646688360771,
        0.221339215898719,
        0.14087922477775125,
        0.102645621445028,
        0.08132588789166122,
        0.06540909866293719,
        0.05117019719865339,
        0.04197341097058685,
        0.032612038759956184,
        0.025122403511231208,
        0.019488631816745473,
        0.014972305414495887,
        0.012118603536934133,
        0.008741179634389277,
        0.0070482645185721456,
        0.005461574125305561,
        0.00438055407445487,
        0.0035647061562825966,
        0.0028851475936305998,
        0.0024397721888527297,
        0.002019599196165234,
        0.00201194401403497,
        0.0014654731923619021,
        0.001311710686926373,
        0.0011152991588797548,
        0.0007821055474981876,
        0.0007478767219634606,
        0.000565534100809175,
        0.0005450506192404241,
        0.0005165658156224285,
        0.000516644621198221,
        0.0003512214773951228,
        0.0003206038378054268,
        0.00034059871277391536,
        0.00028369499937857276,
        0.00027048836164301213,
        0.0002333531383483055,
        0.00024888044911598197,
        0.00021521937807288002,
        0.00020556799055136744,
        0.00021700120852397018,
        0.0001558334534078541,
        0.00016508234860803604,
        0.00018257178047007184,
        0.0002207874203427154,
        0.0001828219277603331,
        0.00014522578594912698,
        0.00015500163241888797
    ],
    "test": [
        1.0,
        0.6906678829962364,
        0.500221562512047,
        0.20297207950105092,
        0.16571349645094763,
        0.14472776991053524,
        0.1319789823431068,
        0.11789780254042409,
        0.11187629194419789,
        0.10904251455167138,
        0.10148567589637059,
        0.09912981156284527,
        0.09621541216678718,
        0.10335439368899622,
        0.09520937250347272,
        0.0964151157751917,
        0.09611107228701872,
        0.09396823224748176,
        0.09442600542226737,
        0.09331039052777565,
        0.09662550119704519,
        0.09493179709628304,
        0.09520543568737878,
        0.09447454472078394,
        0.09319356436660625,
        0.09270369845626061,
        0.09344612137001865,
        0.09239468359185136,
        0.09230690562367175,
        0.09289585274472456,
        0.0931372730839595,
        0.09167539991116581,
        0.09285536171723721,
        0.0920130693237568,
        0.09198371377101548,
        0.09145714287401112,
        0.09198807937773967,
        0.09140101064390081,
        0.09080955591116481,
        0.09215700319522582,
        0.09107096271392338,
        0.09136515860443131,
        0.09117453178030872,
        0.09132196123686671,
        0.09183051038707958,
        0.09126348131692742,
        0.09140365657798072,
        0.09111352374771454,
        0.09178370493410648,
        0.0913292803816925
    ]
}