{
    "train": [
        1.0107884236708478,
        0.7099437876887951,
        0.2709772097716965,
        0.14985300855290654,
        0.10740726724847732,
        0.08539227926934927,
        0.06943344671103796,
        0.05631703159398039,
        0.04610667026988853,
        0.037707619171646264,
        0.03222485992804923,
        0.024923670806980783,
        0.020365554910635558,
        0.015911026154111108,
        0.013508997172393107,
        0.0111319222298019,
        0.008696211217869449,
        0.007200538847922079,
        0.005988280498907653,
        0.0050243211519672175,
        0.004611703224752081,
        0.0037397522413125284,
        0.003335395698868653,
        0.0031467797165177598,
        0.0025200135165350268,
        0.0020534152081652874,
        0.0019305299110591522,
        0.0017556503419651397,
        0.0016459576412166243,
        0.0014410225680638131,
        0.0012492201983428273,
        0.0011313139400269403,
        0.0010434331309476814,
        0.0009845490179393004,
        0.000834135049751954,
        0.0008205068295857275,
        0.0007321277226732589,
        0.0007527838193390814,
        0.0006427357702820532,
        0.000613639133176862
    ],
    "test": [
        1.0,
        0.5201201983636379,
        0.2538610808671671,
        0.15624421994125573,
        0.14710413764429534,
        0.12635748186408796,
        0.11641007184204459,
        0.10766266528391524,
        0.10308636420337465,
        0.10197080538751149,
        0.09940596712048977,
        0.09695780397601247,
        0.09353662861447189,
        0.09481352280317693,
        0.09375872212861361,
        0.09000262882751986,
        0.09241340167743757,
        0.09103803921237748,
        0.09078582356342073,
        0.09171366876604012,
        0.08956582952045253,
        0.08889866623944395,
        0.08888413949082676,
        0.08947415228802146,
        0.08937005900713942,
        0.08868407385850825,
        0.08954766107177578,
        0.08780559433311777,
        0.08918646493351923,
        0.08851192446810856,
        0.0889497749692514,
        0.08820179310405529,
        0.08919053634521815,
        0.087816784042172,
        0.0886842676761053,
        0.08738395198478544,
        0.08719828640656478,
        0.0879782764564298,
        0.08858994682531249,
        0.08842773533520651
    ]
}