{
    "train": [
        1.0093958144497814,
        0.8931451783709384,
        0.5664284334864589,
        0.2359603746715677,
        0.14612747157379563
    ],
    "test": [
        1.0,
        0.76251479948982,
        0.40294980652149515,
        0.21355446029821082,
        0.16669468234066473
    ]
}